SKU,SKU Code,Current Price (in Pounds)
ABUS 215/100 Container Lock + 37RK/70 HB100,R31YJ,264.99
ABUS 83WP / 53 Extreme Weatherproof Padlock Open Shackle Carded,R31YF,38.49
ABUS Integral Van Lock White 141/200 + 23/70 with 70mm Series 23 Diskus Padlock,R31YH,44.49
Henry Squire Garage Guard T-Handle Protector,R31YK,37.49
Master Lock Van Lock,R31YL,37.49
ABUS 26/80 80mm Diskus Padlock,R31YD,40.99
Master Lock 8020E Hardened Steel Chain 1.5m x 10mm,R37DT,37.14
Master Lock 8017E Hardened Steel Chain 1.5m x 8mm,R37DP,28.99
Key Finder with LED and Whistle,N14GW,4.99
ABUS 54/160 HB230 + USH54 Granit X Plus 54 D-Lock & Bracket,R31YN,84.99
ABUS 92/80 80mm Monoblock Brass Body Shutter Padlock,R31YE,46.49
Elgato Smart Key Finder,A71NF,49.99
ABUS 83WP / 53 Extreme Weatherproof Padlock Open Shackle Carded,R31YF,38.49
Master Lock 8021E Hardened Steel Chain 2m x 10mm,R37DU,48.49
Rolson 2 Piece Combination Padlock Set,N67DG,4.99
ABUS 54/160 HB230 + USH54 Granit X Plus 54 D-Lock & Bracket,R31YN,84.99
Elgato Smart Key Finder,A71NF,49.99
Henry Squire Garage Guard T-Handle Protector,R31YK,37.49
ABUS 26/80 80mm Diskus Padlock,R31YD,40.99
ABUS 215/100 Container Lock + 37RK/70 HB100,R31YJ,264.99
ABUS Integral Van Lock White 141/200 + 23/70 with 70mm Series 23 Diskus Padlock,R31YH,44.49
ABUS Integral Van Lock White 141/200 + 23/70 with 70mm Series 23 Diskus Padlock,R37DV,36.49
ABUS 20/80 80mm Diskus Plus Padlock,R31YC,46.99
Digital Safe,N94CJ,29.99
ABUS 85/60 60mm Brass Padlock Keyed 2703,R31YB,30.99
Rolson Combination Cable Padlock,N68DG,2.99
